timestamp,left_heel_x,left_heel_y,left_toe_x,left_toe_y,right_heel_x,right_heel_y,right_toe_x,right_toe_y
0.0,-0.4279570346016846,0.09625201009015279,-0.2985833298495029,0.11138395603907941,-0.0579066623283076,-0.07707294179239278,0.11951725914320357,-0.1040944034233827
0.0333333333333333,-0.4237720952606401,0.09343411379646692,-0.30083543323339623,0.11574063751561625,-0.0641875767233302,-0.07493522153772517,0.11327998373195447,-0.10126275016151835
0.0666666666666666,-0.41904744701326657,0.08990346703270526,-0.3026192793766985,0.11919646939263892,-0.07050941044591962,-0.07295860321366407,0.10700062607847743,-0.0985546804831171
0.1,-0.41395076624820876,0.08627789814758946,-0.3036364478685625,0.12226098013619817,-0.07680154947856824,-0.07115293847399955,0.10075731682343989,-0.09593288655117944
0.133333333333333,-0.40867597568408726,0.08302910655057988,-0.30365618658932153,0.1253683223834201,-0.08299736759909676,-0.0695084041514298,0.09462020249407205,-0.09336890153199781
0.166666666666667,-0.4033966054385787,0.08043895175514473,-0.3025352951662371,0.12879649887258637,-0.08904599652783302,-0.0680033286951793,0.08863992927341487,-0.09085222029397035
0.2,-0.3982336594339476,0.07859950517640257,-0.3002248658849233,0.13262634119804736,-0.09492818873984546,-0.06661519988327075,0.08283307227084322,-0.0883929682488325
0.233333333333333,-0.393244714661887,0.07744501859112113,-0.2967662053472223,0.1367480269907786,-0.10066865069861657,-0.06533086172892219,0.07717127177352744,-0.08601898509897095
0.266666666666667,-0.38843152027385996,0.07680350827632906,-0.29227795227737224,0.14091075731279407,-0.10633837402752226,-0.06415281275718657,0.07157992094109274,-0.083769232391042
0.3,-0.38375818022786046,0.07645759224641506,-0.2869352390279571,0.14480042945851,-0.11204460391480676,-0.06310038421198286,0.06594863058407727,-0.08168552104204221
0.333333333333333,-0.3791714316265359,0.07620317114334446,-0.28094187334796206,0.1481222746201048,-0.11790965216066067,-0.06220636894445765,0.06015248463088685,-0.07980443147840041
0.366666666666667,-0.37461589079799484,0.07589193680669293,-0.27449765817186134,0.15066359790937733,-0.12404166370963456,-0.061510648239191376,0.05408126952074163,-0.07815114072691387
0.4,-0.3700392630494549,0.07544575361525402,-0.2677645081723202,0.1523193760951435,-0.1305022719556933,-0.06105280592619311,0.047671921717227464,-0.07673666760203347
0.433333333333333,-0.36538684119105863,0.07484090156008649,-0.26083734863870556,0.15307925282858126,-0.13727876660813085,-0.06086581232456151,0.040936608593439276,-0.07555933975637041
0.466666666666667,-0.3605906220344832,0.07407360992694877,-0.2537277524981302,0.15299069915019584,-0.14427041989175848,-0.06097185770804313,0.03397671151981101,-0.07460936873101645
0.5,-0.3555615622536696,0.07312661797973286,-0.2463666132906922,0.1521206592184906,-0.15129760358377928,-0.06137958661667981,0.026973855451416326,-0.07387319207905185
0.533333333333333,-0.35019065135485167,0.07195400312991565,-0.23862572126843912,0.15053328650019646,-0.15813685574466502,-0.06208158790951893,0.020154504010509,-0.07333440151390709
0.566666666666667,-0.34435845805263077,0.07048992263610837,-0.23035087910947766,0.14828866296809823,-0.1645754642038893,-0.06305293658931557,0.013734349013027447,-0.0729714668651086
0.6,-0.33794940237420035,0.06867378055687287,-0.22139663089514983,0.14545503682696398,-0.17046888392565768,-0.06425304836579221,0.007859412310816896,-0.07275574691626958
0.633333333333333,-0.33086767164248954,0.06647710360357478,-0.21165529633571345,0.14212132249544424,-0.17577984055932616,-0.06563136320153566,0.002565747904667265,-0.0726527566112076
0.666666666666667,-0.3230524812499044,0.06391851021549742,-0.20107616187244132,0.13839847497669974,-0.18058391007469765,-0.06713412726218657,-0.0022262454976204604,-0.07262625456840213
0.7,-0.3144888037669656,0.06106056535988916,-0.18967162878100796,0.1344058832716523,-0.1850404142178475,-0.06870858610853357,-0.006681518700574068,-0.07264240864881
0.733333333333333,-0.3052088694938136,0.05799256234923497,-0.17750863447777626,0.1302491333060854,-0.1893418490627188,-0.07030311702764848,-0.010997842245838024,-0.07267189459354141
0.766666666666667,-0.2952832274515725,0.05481148137258161,-0.164688522370334,0.12600313698286747,-0.1936622609917773,-0.07186491853029105,-0.015352386045649369,-0.07268978354195478
0.8,-0.2848056427749199,0.05161356094118908,-0.15132371908302455,0.12171314689594062,-0.19812210324099472,-0.0733384519643783,-0.019865664859737592,-0.07267446137557841
0.833333333333333,-0.273877946186715,0.04849973947324654,-0.13751967374245191,0.11741478113814532,-0.20277704982494582,-0.07466723481001769,-0.024590573436899868,-0.07260693051887583
0.866666666666667,-0.2625976230860392,0.04558696298093353,-0.1233650565208145,0.11316157331327092,-0.20762740635949284,-0.07579972145577167,-0.02952295278846931,-0.07247121060505683
0.9,-0.25104646383943585,0.043013370951182725,-0.10892703937842796,0.10904472230604394,-0.21263836711140424,-0.07669808793934152,-0.03462345384467033,-0.07225586052612812
0.933333333333333,-0.2392774252742108,0.04093056435034356,-0.09424625430435175,0.10519580129703636,-0.21776074876075613,-0.07734724604521195,-0.039839745898563206,-0.07195593961710536
0.966666666666667,-0.2272999396289403,0.03948482873254876,-0.0793289218002309,0.10177269669791655,-0.2229453723536195,-0.07776054375032714,-0.04512177005446906,-0.07157400304265828
1.0,-0.2150687570828409,0.03879510167995818,-0.06413936441297803,0.09893586468899929,-0.2281493389798202,-0.07797897723947891,-0.05042810706529437,-0.07111867475927744
1.03333333333333,-0.2024839451834387,0.03893610744314141,-0.04860018528162312,0.09682381064825593,-0.23333657106930195,-0.078062906319595,-0.05572597501922233,-0.07060066776974025
1.06666666666667,-0.18940717035684088,0.0399312246007075,-0.03260616592504682,0.09553382004311417,-0.23847664118930567,-0.07807873272235992,-0.06098919047965025,-0.07002832419007538
1.1,-0.17569298900914043,0.04175437869623365,-0.016051931750680995,0.0951090962959288,-0.24354492544160575,-0.07808561520666518,-0.06619741106097272,-0.06940584860815555
1.13333333333333,-0.1612276739221889,0.044337208936451176,0.001133189268517687,0.0955308129486799,-0.24852467676985535,-0.07812657995463976,-0.07133739699333908,-0.06873564118135546
1.16666666666667,-0.14596523297499106,0.047578256083529974,0.01895327279412791,0.09671495334930426,-0.2534094829640216,-0.07822475031967874,-0.076404796545103,-0.0680226098785326
1.2,-0.12995073849841318,0.05135320929618868,0.037326905697991394,0.09851660014576438,-0.2582038539795003,-0.07838255977119493,-0.0814042377057841,-0.06727658149374352
1.23333333333333,-0.11332362845338362,0.05552695585375712,0.05608831484583684,0.10074488138081034,-0.2629205133818116,-0.07858234421172783,-0.0863463845651351,-0.06651070159042062
1.26666666666667,-0.09629821335855296,0.059968130481239,0.07500999778420507,0.10318893746798329,-0.26757495271685483,-0.078789058433279,-0.09124263653813726,-0.06573698980398508
1.3,-0.07912563916690887,0.06456501367435538,0.09384089174068105,0.10565049366467602,-0.27217974517786037,-0.07895680444673621,-0.09610007148759066,-0.06496213062092315
1.33333333333333,-0.062049212485861115,0.06923909286518326,0.11234736960649536,0.10797457919447262,-0.27674133097548276,-0.07903957549232288,-0.10091932792149466,-0.06418644954530092
1.36666666666667,-0.0452689129589728,0.07395142809771214,0.13034230286734755,0.11006926188246502,-0.2812602243830438,-0.07900467852413225,-0.10569615450156768,-0.06340764277389696
1.4,-0.02892760885605517,0.07869832551046933,0.14769224819812438,0.11190872060144898,-0.28573369929074566,-0.07884585360606233,-0.11042532463944227,-0.06262861359268398
1.43333333333333,-0.013121860543359815,0.0834958857213242,0.16430258227047223,0.11351957880322969,-0.2901597369721469,-0.07859211809898287,-0.11510538479947086,-0.06186607633853145
1.46666666666667,0.002070663374693832,0.08835640581263628,0.18009011291215793,0.11495546205884517,-0.29454190858765966,-0.07830820897898369,-0.11974378991737727,-0.061154899779967895
1.5,0.016561185536366874,0.09326281551247145,0.1949570826851605,0.11626799200474466,-0.2988951194500243,-0.07808441053591718,-0.12436246880192502,-0.060544378172736196
1.53333333333333,0.030229451537690855,0.09814955789542326,0.20877733181790029,0.11748346304383736,-0.3032509395875562,-0.07801792790559123,-0.12900279476235788,-0.06008697949365395
1.56666666666667,0.04291778731016303,0.10289774708810519,0.2213974476438702,0.11859226537210152,-0.3076594478293819,-0.07819281369796345,-0.1337270464677812,-0.059825185685458165
1.6,0.054437186153944106,0.10734779452781697,0.23264874221176554,0.11955249749766894,-0.3121838132325434,-0.07866700717682568,-0.13861243383312147,-0.05978393308235496
1.63333333333333,0.06458043799947198,0.11132571583598515,0.2423637496448338,0.12030304555851472,-0.3168857698516042,-0.07947114162050706,-0.14373544167782754,-0.05997282937420601
1.66666666666667,0.07313897904901064,0.11467419923674764,0.25039303346958947,0.12077918722509158,-0.3218047492853094,-0.08061702146617966,-0.14914898756165684,-0.06039610086907818
1.7,0.0799227630584614,0.11727913447832787,0.25662125295726723,0.12092667770679127,-0.32693823235381064,-0.0821092807259654,-0.15486025505339807,-0.06106394283620979
1.73333333333333,0.08478340382744086,0.11908579083298175,0.26098299452719825,0.12071454979589141,-0.332232266809212,-0.08395403498391024,-0.1608190894878614,-0.061999247921964776
1.76666666666667,0.08763972922312531,0.12010317995029791,0.26347815830570687,0.12014805442106799,-0.33758739353084644,-0.08616140547761013,-0.16692333614530847,-0.06323727330899119
1.8,0.08850278901387112,0.12039798301772481,0.264184767474046,0.11928031871892647,-0.34287841733996693,-0.08874172543408679,-0.17304020221237548,-0.06481951444480472
1.83333333333333,0.08749521194914593,0.12008003779405682,0.2632654502296269,0.11821681967255279,-0.34798095363184667,-0.09169672663797061,-0.1790363483458901,-0.0667845140446052
1.86666666666667,0.08485789172546918,0.11928094279922595,0.26096324092644974,0.11710442987560374,-0.35279652461771893,-0.09500771391410708,-0.18480760622645387,-0.06915774263270864
1.9,0.08093619985018151,0.118128316495423,0.25758296118379426,0.11609993836558183,-0.35727019218324496,-0.09862419508504719,-0.19030125251160018,-0.07194237909027268
1.93333333333333,0.07614090801100035,0.11672119617432561,0.2534573126565088,0.11532182717856031,-0.36139718374957785,-0.10245842201114076,-0.1955263272189562,-0.07511393090586731
1.96666666666667,0.07088779766625888,0.11511362582984408,0.24890296947232401,0.11479911484615969,-0.36521656946793957,-0.10639105740478032,-0.20054926506682075,-0.07862213409093599
2.0,0.06553141910142127,0.11331052028051758,0.24417888585148295,0.11443594468722061,-0.36879235062788757,-0.11028896764788201,-0.20547474368325802,-0.08240132877958699
2.03333333333333,0.06031449404075383,0.11127433700190537,0.2394605536450338,0.11400730591290366,-0.3721861873391178,-0.11403008784793855,-0.21041599059858118,-0.08638654329702534
2.06666666666667,0.05534930207530603,0.1089378295732133,0.23483683733274618,0.11319147191838731,-0.37542959560161626,-0.11752603740169823,-0.21546276208371823,-0.09052933537999043
2.1,0.05063382207322259,0.10621909397172455,0.23032517282906734,0.11163262873284403,-0.37850433821596585,-0.12073246020186902,-0.22065628943975937,-0.09480622264019634
2.13333333333333,0.04609180584268871,0.10303782191937541,0.22589470542167217,0.10901757527729564,-0.3813373495587737,-0.12364030867796841,-0.22597839794217972,-0.09921383762362819
2.16666666666667,0.04161921396483158,0.09933312922236416,0.2214885500092667,0.10514694649967746,-0.38381201981517393,-0.1262485249819751,-0.2313580839160791,-0.10374959058778635
2.2,0.03712135033599279,0.09508249570157429,0.2170419301372134,0.09998420538579011,-0.3857924688512363,-0.1285277440972447,-0.23669404593115134,-0.10838373710149952
2.23333333333333,0.0325328259721388,0.09031877028962283,0.2124967600900673,0.0936715526938301,-0.38715287722196007,-0.13039078689384273,-0.2418863785290341,-0.11303454276651552
2.26666666666667,0.027821046161149485,0.08513947849085053,0.20781289585229834,0.08650873912112451,-0.3878017585880087,-0.13168452268391423,-0.24686631738605744,-0.11755877911129524
2.3,0.02297897268320906,0.07970225539499957,0.2029739326196254,0.07889890639847769,-0.38769294481421746,-0.13220951892545707,-0.2516123421190173,-0.12176447836531343
2.33333333333333,0.01801351904807645,0.07420382878838112,0.19798497056277126,0.07127446673971397,-0.38682076670020354,-0.13176308026351793,-0.2561454808601603,-0.12544449555306988
2.36666666666667,0.012934201182497246,0.06884652529875528,0.19286284074751958,0.06402191277634572,-0.3852037749485459,-0.1301925006628674,-0.26050445898442653,-0.12842166875396505
2.4,0.0077448380601775335,0.06380196239045066,0.18762340182468584,0.05742358865875217,-0.38286607805537803,-0.12744170380717956,-0.2647088557728262,-0.1305921801107113
2.43333333333333,0.0024393531863756285,0.059183019655604,0.18227153750072123,0.05162741507992228,-0.3798260056891992,-0.12357712083342098,-0.2687230290162469,-0.1319546900454528
2.46666666666667,-0.002999414005770279,0.0550320885467504,0.1767963014111642,0.046646729552065565,-0.3760983309788985,-0.11878645477256607,-0.2724343173103125,-0.13261835484912413
2.5,-0.008600537367800976,0.051327924640787954,0.17116948123482095,0.04238548217639729,-0.37171024420201704,-0.11335331711389071,-0.27565586416748383,-0.13278997790238098
2.53333333333333,-0.014407440734135635,0.04800732003234924,0.1653446108820631,0.03867975408388101,-0.3667249353596122,-0.10761723806807001,-0.27815741365608315,-0.13274555452889836
2.56666666666667,-0.02048061760711499,0.04499340581937857,0.15925625387136244,0.03534458411972209,-0.3612624138486358,-0.1019296340604153,-0.27971767339762954,-0.132792190528447
2.6,-0.026895435487377946,0.0422214581514667,0.15282372017688417,0.03221559822136951,-0.35550690929305656,-0.09661289104378623,-0.28018235728541524,-0.13322392078743261
2.63333333333333,-0.03372920036262902,0.03965560060504429,0.14596470092791328,0.029177851759688435,-0.34969428616928555,-0.09192554570729816,-0.27950728821052423,-0.13427344859616286
2.66666666666667,-0.04103663392679842,0.03729403166969086,0.13861983085077423,0.02617854285027193,-0.3440799328744499,-0.08803467441291771,-0.2777696756447757,-0.1360645483719187
2.7,-0.0488767372349981,0.03609717359971523,0.13072695880239374,0.024179945786342635,-0.3388946163278968,-0.0849971052021616,-0.2751424493685159,-0.1385752976603961
2.73333333333333,-0.05715500324672662,0.03623534183965167,0.12237555362717521,0.02335281544920669,-0.3343000219676544,-0.08275270850490152,-0.2718406815486437,-0.14162566014396205
2.76666666666667,-0.06565064651850264,0.03658436601648009,0.11378047337972358,0.022566886083608465,-0.3303561458539915,-0.08113460516491144,-0.26805870832352297,-0.1449004714641976
2.8,-0.07417696329966378,0.03714520721245381,0.10512578954647493,0.021856889384981135,-0.3270097449455254,-0.07990034351927375,-0.2639179625502912,-0.1480094327028698
2.83333333333333,-0.08253977428030426,0.03789998038193771,0.09660517970216027,0.021238199151267637,-0.32410719949206274,-0.07878244723197708,-0.25943956191079076,-0.15057161175481396
2.86666666666667,-0.09058192989939194,0.03881722720970809,0.08837765190456187,0.020706495213098235,-0.32142770814534205,-0.07754749762561301,-0.25454619423241337,-0.15229985055294185
2.9,-0.09821967581558254,0.03985941186883639,0.08053057095679488,0.02024369776110542,-0.3187266080462544,-0.07604596458858284,-0.2490892336295109,-0.1530579663318229
2.93333333333333,-0.1054591819432285,0.04099025309155924,0.07306194619482102,0.01982711719566549,-0.3157766288434714,-0.07423611600283653,-0.24289165721455488,-0.15287313349966958
2.96666666666667,-0.11238755293553991,0.04218002372182275,0.06588835603641821,0.019438705139771452,-0.31239759512411386,-0.072175181051581,-0.2357950129370373,-0.15190287536753155
3.0,-0.11914226597851954,0.043408260264729256,0.058875154466163156,0.01907213817597645,-0.3084705708438492,-0.06998442935928917,-0.22769875864965136,-0.15037280352491458
3.03333333333333,-0.12587115294426224,0.04466450284689226,0.05187685434287318,0.0187363135345026,-0.30393777332857635,-0.06780456129931486,-0.21858284935135713,-0.1485104251259479
3.06666666666667,-0.13269619145029843,0.04594780316898383,0.044773929983088365,0.018454518524002834,-0.2987924127006598,-0.06575897231887154,-0.20850913260869597,-0.14649852022213655
3.1,-0.13968882152006346,0.04726492769467665,0.03749782168214521,0.018259344767715666,-0.2930624635822738,-0.06393565188078669,-0.1976025010808673,-0.14446046931959117
3.13333333333333,-0.1468583457114853,0.04862668100905266,0.030042453884787254,0.018184549282418003,-0.28679111636578924,-0.06238843634384262,-0.18601776162109024,-0.1424751254405096
3.16666666666667,-0.15415260762268607,0.050042475375680226,0.022463295619146548,0.01825627684989867,-0.28001680747665425,-0.06115040304277521,-0.1739023500537439,-0.14060706577756563
3.2,-0.1614702554387369,0.05151470866356057,0.014864949578195064,0.018486622314728914,-0.27275753925749846,-0.060249479056300154,-0.16136696296912872,-0.1389341388376395
3.23333333333333,-0.16868333655080367,0.053035463244366046,0.007378572324933053,0.018871736169635982,-0.2650049409761761,-0.05971865435333772,-0.14847369868406268,-0.13755889529872323
3.26666666666667,-0.1756668278180189,0.05458759608329008,0.00013223895174321876,0.019394764647831585,-0.2567305908536933,-0.059597888687239,-0.13524405875194218,-0.136600252220608
3.3,-0.18232895095586354,0.05615043019750504,-0.006779929246292629,0.020031982438386647,-0.24790153669476797,-0.05992890628725936,-0.12168047671415798,-0.13617111690085673
3.33333333333333,-0.18863423728492104,0.05770795930943401,-0.013321821844096096,0.02075952534197391,-0.23849770847048168,-0.060746197225664274,-0.10778990202450218,-0.13635257141392654
3.36666666666667,-0.19461177886573205,0.059256088059377474,-0.01952455295987464,0.021558362812659496,-0.2285238183586195,-0.06206816423946894,-0.09359885892472869,-0.13717490792189052
3.4,-0.20034469176954162,0.06080559941229455,-0.02547619586895672,0.02241626887383884,-0.21801164085156194,-0.06389217738624092,-0.07915472773985854,-0.13861204157944887
3.43333333333333,-0.20594277464289565,0.062379026757393916,-0.03129351648162369,0.023327029438383676,-0.20701246665517256,-0.06619573147857825,-0.0645141853503605,-0.14059022203535076
3.46666666666667,-0.2115064886449304,0.06400190186696664,-0.037083787703795695,0.024288127454192704,-0.1955819561220661,-0.06894245548014791,-0.04972390513387205,-0.14300608698443432
3.5,-0.21709401263889377,0.0656912906590139,-0.0429090328248366,0.025298072638190405,-0.18376089420619124,-0.07208868479699186,-0.03480023006224865,-0.1457459744724202
3.53333333333333,-0.2222616910265532,0.06736683037308931,-0.048333386674179746,0.026252256176763546,-0.17144358165654333,-0.07591079842112605,-0.019524069510305914,-0.1489172319256578
3.56666666666667,-0.2276317522304213,0.06912946111084164,-0.05396221453797824,0.027297156777260745,-0.15879532039913025,-0.0798433055301987,-0.004153597413444052,-0.15207381391456712
3.6,-0.23303504539576414,0.07092600592021558,-0.059611844380046686,0.028413430282439246,-0.14569223530011777,-0.08383345908533081,0.011485974514739011,-0.15513096145699118
3.63333333333333,-0.23829137573978013,0.07269523857800703,-0.0650871604410866,0.0295725638044608,-0.13201465612601546,-0.08788642089317897,0.027548983051489284,-0.15806610339267874
3.66666666666667,-0.24325885275391318,0.07438567772342683,-0.07023578025524736,0.030743723624372735,-0.11769323436252686,-0.09204431604172321,0.04411606527881458,-0.16089655262294794
3.7,-0.24786055386125294,0.07596797376222768,-0.07497770515265756,0.03190042182250598,-0.1027460139468187,-0.09636999525721437,0.06115889702171528,-0.163660326145538
3.73333333333333,-0.25208680878423706,0.07743853635927554,-0.07930782909678546,0.033024719451216024,-0.08729229238895203,-0.10093490068965343,0.07853575410116223,-0.16639890876884206
3.76666666666667,-0.2559802766639754,0.07881463478603154,-0.08327868436250938,0.034108549034182575,-0.0715362482612367,-0.10580662614437693,0.0960199858813971,-0.16913983193801196
3.8,-0.25961420824550596,0.08012413773135478,-0.08697491923931026,0.035153185853569836,-0.05572325908555279,-0.11103145715225837,0.11335227623101521,-0.171878655386272
3.83333333333333,-0.26307263334600367,0.08139441504011793,-0.09048973108333448,0.03616809981646889,-0.04008246299354727,-0.11660970883973092,0.1302987892251856,-0.17456233059816892
3.86666666666667,-0.26643713336085645,0.08264438878063335,-0.09390915441620541,0.03716981131079958,-0.024777365906718925,-0.12246669846384972,0.1466933537703608,-0.1770783558652056
3.9,-0.269780532833296,0.08388158971437548,-0.09730505769704866,0.03818073889905103,-0.009888555607345181,-0.12842845709084913,0.16244448024884656,-0.17925632828848762
3.93333333333333,-0.2731650343664225,0.08510379300829962,-0.10073423282435388,0.0392277166341099,0.004553724457531799,-0.13421600348206728,0.17749737878948216,-0.18088978782655013
3.96666666666667,-0.2766424315283533,0.08630411877767417,-0.10424097433470156,0.04033997000965364,0.01848455130490924,-0.13947171060731453,0.1917557236220887,-0.18178456185785546
4.0,-0.27988622583359274,0.0874018662885646,-0.10750117032516693,0.04142015865719778,0.031930393608671115,-0.14385540465181174,0.20520911688664387,-0.1819439121540772
4.03333333333333,-0.2831991939901942,0.08848361094526117,-0.11082122047944785,0.04257034297552777,0.044298186144187374,-0.14705879370511102,0.21729800457365234,-0.18142425104137558
4.06666666666667,-0.2866900707363297,0.08961331734875806,-0.11432714694989832,0.043820605176343584,0.055156704704150086,-0.14897553223116647,0.2276713958726429,-0.18045923633194377
4.1,-0.2904799105886889,0.0908740809982874,-0.11816513113721902,0.04519706877952004,0.06407796727253406,-0.1497038044112854,0.23602116046693708,-0.17934739876482073
4.13333333333333,-0.29466162745675795,0.09233917940718658,-0.12245201271961659,0.04671671089847819,0.07076593525382595,-0.14947469068065777,0.24217259027714333,-0.1783339071300665
4.16666666666667,-0.29926423954652176,0.09404400799987252,-0.12723042241341959,0.048385169529389004,0.07514626855491519,-0.1485513212831471,0.2461400132585967,-0.17753015171455447
4.2,-0.30424641107527706,0.09597592693333971,-0.13245855208709728,0.05019856462907014,0.07737282315190701,-0.1471483479480821,0.24812034203308317,-0.17690525253732584
4.23333333333333,-0.3095251816503758,0.09808799477596049,-0.138042606891086,0.05214823678936338,0.07774922271459707,-0.145395025792351,0.24842273653794583,-0.17633488060312935
4.26666666666667,-0.31502080878971694,0.10032690921973894,-0.14389037924562487,0.05422621239727222,0.07660730591015705,-0.1433412601675341,0.24736402152035944,-0.1756687307096041
4.3,-0.3206880717008085,0.10265613386730885,-0.1499505280005501,0.05642884040197663,0.07420620204219142,-0.14099243154654162,0.24518156919862838,-0.17478335861335936
4.33333333333333,-0.32651699044760973,0.10505974600525228,-0.15621541030115688,0.0587567604374233,0.07070106233278783,-0.1383498307609885,0.24200814265503376,-0.17360263206343948
4.36666666666667,-0.33252578741210215,0.1075260767110783,-0.16271048625651996,0.06121933515730864,0.06611139811596979,-0.13542046853423514,0.2378553320686142,-0.1720486480079696
4.4,-0.3387331520109768,0.11002957586758444,-0.1694627645205934,0.06382599041359356,0.06052769895618082,-0.13224250619844924,0.23280226387609032,-0.17003917512460254
4.43333333333333,-0.34515732697282275,0.11254377463995888,-0.17650535756655808,0.0665795088920706,0.054126943052430834,-0.12888397327326923,0.2269958062533457,-0.1675597209505543
4.46666666666667,-0.3518288018427698,0.11504097424312934,-0.183893569445453,0.06948123374446684,0.0470488557888802,-0.12541601151774467,0.22054175786386743,-0.16464198811144953
4.5,-0.35877719181663653,0.11748222422371221,-0.1916918167234769,0.07252589593762476,0.03940422289103902,-0.12190333263483598,0.21351436004409835,-0.16135065967056336
4.53333333333333,-0.3660146342737065,0.11980400607699442,-0.199955909111188,0.07569390890930093,0.03129163873551548,-0.11839391449440556,0.20597628703411996,-0.15776457036772973
4.56666666666667,-0.37351984024320933,0.12190481494955398,-0.20871531093007853,0.07894194633610344,0.022816098434958784,-0.11491054167003587,0.19800213390433694,-0.15395673792743644
4.6,-0.38122704979587196,0.1236356248160551,-0.21796017190920697,0.08219336700826611,0.014102478842077562,-0.11144676409724281,0.18969699171153467,-0.14997809353166985
4.63333333333333,-0.3890228862775302,0.12479815617210623,-0.22763650750681486,0.08533067853251432,0.005298748175817172,-0.10796925595402988,0.1812030609827529,-0.14584918904021416
4.66666666666667,-0.396751802119811,0.12515380334796622,-0.23765027127336402,0.08819252122124276,-0.0034328486064722358,-0.10442717794808129,0.17269108957755086,-0.14156231962593321
4.7,-0.40422832995101876,0.12444403495705299,-0.24787808537248124,0.09057735675371163,-0.011934424432415491,-0.10076718999583267,0.1643385174333093,-0.13709359298745266
4.73333333333333,-0.411252757921051,0.1224203499933393,-0.25818023213789015,0.09225504886824566,-0.020075460962556427,-0.09695088581272573,0.1563007954899627,-0.13242139478411902
4.76666666666667,-0.41722267865875967,0.12023513402141883,-0.26793055032045077,0.09440717290463263,-0.02777327556457549,-0.09297037885501928,0.1486847260619611,-0.12754562472645437
4.8,-0.42117848995616863,0.12060165101007113,-0.275977005696121,0.09992079587477698,-0.03500476707941154,-0.08885798295276205,0.14153195507657335,-0.12250183158386442
4.83333333333333,-0.4240959004158609,0.11997336700073598,-0.28344455735905116,0.10505714112698782,-0.04180594359962236,-0.08468731127843039,0.13481725888611856,-0.11736600055187882
4.86666666666667,-0.42591353799268017,0.11842382568107174,-0.29022159565767475,0.10976180890400303,-0.048259451664145483,-0.08056519403538229,0.12846140345602797,-0.11224855932522922
4.9,-0.42661453456632403,0.1161058842036849,-0.29619824029037556,0.11403411499383763,-0.054473858180423426,-0.07661600528907074,0.122353937329655,-0.10727917268542486
4.93333333333333,-0.4262269790530003,0.11322444177688698,-0.30126364154184937,0.11792069521358058,-0.0605606314335978,-0.07296178723375879,0.11637880616033543,-0.10258622420866004
4.96666666666667,-0.4248215373428307,0.11000228892509495,-0.3053085530426096,0.12149988615970844,-0.06661492523364254,-0.06970259583845745,0.11043578091491738,-0.09827604308259616
5.0,-0.42250559170093327,0.10664719965262905,-0.3082331710329802,0.1248603652055211,-0.0727044177434077,-0.06690153803314472,0.10445303044703064,-0.09441680798580927
5.03333333333333,-0.41941382782750375,0.10332712013299286,-0.30995821022855324,0.1280788321633988,-0.07886736437209957,-0.06457797751117711,0.09838967550253194,-0.09103080783768511
5.06666666666667,-0.4156960634921942,0.10015712906634099,-0.31043606890015807,0.13120146421280943,-0.08511789137577995,-0.06271053012259079,0.09223051724316662,-0.08809669879455634
5.1,-0.4115037734220937,0.09719809199140149,-0.30965888888073473,0.13423255857654162,-0.09145449943745586,-0.0612491538772046,0.08597725195318136,-0.08556102939153114
5.13333333333333,-0.4069769566355162,0.09446402935273776,-0.30766112881654156,0.13713179904319375,-0.09786736422185197,-0.06013341238125713,0.07964083198886306,-0.08335614221817915
5.16666666666667,-0.40223276132768104,0.09193403466329977,-0.3045155841769082,0.13981971927904951,-0.10434124974226115,-0.0593124110570118,0.0732383166533885,-0.0814201023968492
5.2,-0.39735685311906654,0.08956509553540865,-0.3003232700687782,0.14218967130088012,-0.11085310462216295,-0.05876138995887012,0.06679518520572138,-0.07971388818104186
5.23333333333333,-0.3923981019912242,0.08730362769286115,-0.29519896030825804,0.14412393973582432,-0.11736586639605556,-0.05849067306305453,0.0603515137798622,-0.07823178197686098
5.26666666666667,-0.3873668735357018,0.08509494442412985,-0.28925520496558293,0.14551130306274893,-0.12382185933467812,-0.05854449157122493,0.0539684828106693,-0.07700252883106062
5.3,-0.38223702121306485,0.08289060192520895,-0.28258809356699066,0.14626317753617407,-0.13013985433704287,-0.05898970738422066,0.047730992730150974,-0.0760810045752468
5.33333333333333,-0.3769514952420202,0.08065355878612124,-0.2752677132174225,0.14632561877308664,-0.13621910820960623,-0.05989704650175556,0.041742989101846935,-0.07553238504431697
5.36666666666667,-0.37143120837645527,0.07836082924458959,-0.2673351522468909,0.14568514645103559,-0.14195165401933035,-0.06131942126147304,0.036114282601579395,-0.07541262974777997
5.4,-0.3655863800319217,0.07600332582146593,-0.2588062521561103,0.14436765326974296,-0.1472413287884824,-0.06327270003193454,0.030940601055240366,-0.07575002371621935
5.43333333333333,-0.3593290676659685,0.07358308318932613,-0.24968057662492327,0.14243127275462045,-0.1520253753523752,-0.06572362151848339,0.026281380093143167,-0.07653225753406434
5.46666666666667,-0.35258514136483166,0.0711088133037203,-0.2399527893099279,0.13995550280846641,-0.15629289155476978,-0.0685876542126772,0.022141345654930117,-0.07770208713657378
5.5,-0.345303772354545,0.06859133270583656,-0.22962321997465787,0.13702964660760703,-0.16009459445887786,-0.07173708440856298,0.018461549580101086,-0.07916241288120697
5.53333333333333,-0.33746276228315003,0.0660404990412366,-0.21870495715294974,0.13374352271346146,-0.16354040559107516,-0.07501725436703521,0.015123170953092166,-0.08078932724169473
5.56666666666667,-0.32906877805449836,0.06346484379945054,-0.20722609708792164,0.130182493723379,-0.1667846433796222,-0.0782672856479879,0.011963861528226469,-0.0824499610688622
5.6,-0.32015261920354676,0.06087427698818558,-0.19522731370767,0.126427467238574,-0.17000203194716834,-0.08134107617620909,0.008802951242955201,-0.08402119471871398
5.63333333333333,-0.310760700529871,0.05828533581213872,-0.18275614580092753,0.12255903060938869,-0.17336013376903786,-0.0841247699774977,0.005469626993209728,-0.08540552222612424
5.66666666666667,-0.3009446196652612,0.055727682843925666,-0.16985994973594354,0.11866367924846559,-0.17699443306168317,-0.0865479806418326,0.0018278671509822236,-0.08654133289584238
5.7,-0.29072884567232726,0.05326044672018815,-0.15655890121277027,0.11485086814919006,-0.1809459611996389,-0.08862872172430403,-0.0021596071757377655,-0.08743742956931792
5.73333333333333,-0.2801181772111553,0.05091374320347611,-0.14286527057402998,0.11118021758537,-0.1852257594373225,-0.09040224988103014,-0.006500944223171892,-0.08811902543566565
5.76666666666667,-0.2691396709866129,0.04868983634159324,-0.1288157665845945,0.10767709185026686,-0.1898845568045362,-0.09186379954064117,-0.011246197929672158,-0.08858291018857418
5.8,-0.25781928060402837,0.04662518090166662,-0.1144414294476413,0.10440599369296305,-0.19493471598878645,-0.0930330873890564,-0.016404503791916394,-0.0888467755751995
5.83333333333333,-0.24616733267236904,0.04482624190792242,-0.09975416855211011,0.1014999189331715,-0.20032372566489876,-0.09397043034922958,-0.02191707326468295,-0.08895929657597478
5.86666666666667,-0.23416412639178008,0.04348038354028985,-0.08473688274825235,0.09915812576138326,-0.20593342062080677,-0.09477447691984965,-0.027657854003234755,-0.08899384538119763
5.9,-0.22174854922992138,0.04282595984671893,-0.06933905260608492,0.09760435550878975,-0.2116041711278313,-0.09555809320125509,-0.03346014654068585,-0.08902687741066491
5.93333333333333,-0.20881919997319748,0.043086843943020654,-0.05348459480013089,0.09701822066124355,-0.21717593955804854,-0.09641123760114155,-0.03915978225680708,-0.08911057401350748
5.96666666666667,-0.19525915249841663,0.044398394818004366,-0.03709809603150091,0.09746837399021224,-0.22253271208993775,-0.09736924852359555,-0.04464059683497208,-0.08925338266612932
6.0,-0.18098421694276856,0.0467619653827566,-0.02014493580319579,0.09887979841933545,-0.2276335100794424,-0.09840338038851013,-0.049865371505478776,-0.0894176535464056
6.03333333333333,-0.16599595900132275,0.05005570238219231,-0.002667826878872792,0.10105529108705624,-0.2325159404705432,-0.0994377591907442,-0.054878459830917145,-0.0895342340589918
6.06666666666667,-0.1503874091917965,0.05404363359823122,0.015222369322675622,0.10370445423425004,-0.23727359042720303,-0.10039532096347271,-0.05978078302396515,-0.08954164133538435
6.1,-0.13430915562234066,0.058525764052342985,0.03338288345701389,0.10658642545160821,-0.24199417871005044,-0.1012259859384156,-0.06466579157902362,-0.08940192845439514
6.13333333333333,-0.11796414549049883,0.06342332233881852,0.05163530305064907,0.10956851855962779,-0.2467306103463074,-0.10189703572524454,-0.06959064917620683,-0.08908852601602886
6.16666666666667,-0.10156718772730694,0.0687179679597426,0.06979383489503002,0.1125768821936416,-0.2514945525656096,-0.10239908319552737,-0.07456827135439834,-0.08859834502586529
6.2,-0.0853109891506117,0.07442860714343587,0.08768702509969298,0.1155799067002655,-0.2562497175989553,-0.10273812442896076,-0.07955956553161009,-0.08794769057089509
6.23333333333333,-0.0693383195520007,0.08057070645603982,0.10517580934657769,0.11855798485883276,-0.26092007299911446,-0.10292377083368673,-0.08448163344095702,-0.08716270173473636
6.26666666666667,-0.053726810314126225,0.08711521739222224,0.12216408091696077,0.1214743625589192,-0.26541266253183826,-0.1029600785094811,-0.08923202141389064,-0.08626926214014187
6.3,-0.03849172775338499,0.09396325383264416,0.13859751262017972,0.12426076450164988,-0.2696488865018005,-0.10284483299965506,-0.09372266093509436,-0.08528830226928304
6.33333333333333,-0.023608450317697566,0.10094589037934315,0.1544485901539418,0.1268249847996705,-0.2735936072585482,-0.10257915063333682,-0.09791201741196563,-0.08423960051998237
6.36666666666667,-0.009049435485445484,0.10784878702403436,0.16969174101417672,0.12907816777993125,-0.27727151855629273,-0.10218311190682963,-0.1018237677824249,-0.08315164527245171
6.4,0.0051762925638054735,0.1144522267256986,0.184278236004917,0.13097035235038493,-0.28076496744151197,-0.10170837600789263,-0.10554534534239361,-0.08207047084925545
6.43333333333333,0.01899447956164166,0.12057175390076114,0.19812081293038908,0.13251778896606242,-0.28419434085867273,-0.10123901066240766,-0.10920726396575758,-0.08106022896907457
6.46666666666667,0.03225604323756247,0.12608475797842017,0.21109225236211715,0.13380747777517615,-0.2876882087636985,-0.1008777104601428,-0.11295090935160024,-0.08019315468095792
6.5,0.04474716627855223,0.13093411304703453,0.2230354446569324,0.13497328203745693,-0.2913533993394024,-0.1007228303395984,-0.116895885661793,-0.07953345733735287
6.53333333333333,0.05621413705665236,0.13510947428264977,0.2337795684809243,0.1361499829886592,-0.295254123812035,-0.10084685837156143,-0.12111691476784722,-0.07912371892321993
6.56666666666667,0.06639591468930992,0.1386163412775722,0.24315810446357114,0.13742119628772848,-0.29940484480829854,-0.10128554418579573,-0.12563544240603786,-0.07898070349994883
6.6,0.07505778443788967,0.14144823921326996,0.25102683855690805,0.13878030513768794,-0.303776015044006,-0.1020404900598426,-0.13042502599840095,-0.07910180045179648
6.63333333333333,0.0820210323464173,0.14357556567799762,0.2572814926951182,0.1401196680556454,-0.3083079753254341,-0.10309162230001387,-0.13542550447230356,-0.07947797519477467
6.66666666666667,0.08718520717327621,0.14495627817514978,0.2618742512891962,0.141253768198373,-0.31292780980773727,-0.10441281339812689,-0.14056063965061233,-0.08010657528297636
6.7,0.09054050613982344,0.14556263245559856,0.264826610809098,0.1419699454380923,-0.3175656217351563,-0.10598397417828327,-0.14575588140453904,-0.08099774649984406
6.73333333333333,0.09216857489372392,0.1454102419406626,0.26623453499546157,0.14209060398521672,-0.32216786309866063,-0.10779543740599698,-0.15095400464632314,-0.08217143275831774
6.76666666666667,0.09223146544511947,0.1445747736617054,0.2662626925003345,0.14152710526605322,-0.3267051333487126,-0.10984483611532066,-0.15612558418138553,-0.0836472977200325
6.8,0.09095028670214414,0.1431875657176779,0.26512718739022345,0.14030847827608045,-0.33117180074961483,-0.1121311034949011,-0.16127060323718362,-0.08543470982759117
6.83333333333333,0.08857640904345578,0.1414105565627983,0.2630688870860783,0.13857560132148772,-0.3355766769522692,-0.11465167759374534,-0.1664093465879828,-0.08753063479874319
6.86666666666667,0.08535952953296187,0.13939825813480966,0.26032162210357274,0.1365409968598381,-0.3399278507712229,-0.11740591282397797,-0.17156543228188526,-0.08992868062027763
6.9,0.08151901994556697,0.13725758555335252,0.2570816629655598,0.13442363159754656,-0.34421839834297063,-0.12040204998931507,-0.1767486798010655,-0.09263533024390702
6.93333333333333,0.0772259890934498,0.13501636994507799,0.25348641092889757,0.13237570231250442,-0.3484198913487881,-0.12366101316505348,-0.1819464653880806,-0.0956841384887743
6.96666666666667,0.07260087794387128,0.1326102819994317,0.2496093443400431,0.13042290740040646,-0.352486555220154,-0.12721060582063606,-0.18712786852975627,-0.09913837157799464
7.0,0.0677254502346527,0.12989520196322785,0.24547382681110516,0.1284389477656241,-0.35636713430906686,-0.13106798050415056,-0.19225805493451742,-0.10307718966189675
7.03333333333333,0.06264200549716785,0.12682824129408526,0.24105586640543625,0.1262156182670697,-0.35989354710408394,-0.1351242807413659,-0.19721648305863182,-0.10747231696828573
7.06666666666667,0.05742601431336772,0.122982974389928,0.2363968329568635,0.12343226751636384,-0.3631957220519764,-0.13951870540314795,-0.20213074404144396,-0.11258772390389891
7.1,0.05214906310477366,0.11832858728225053,0.23153259452442967,0.11976505831411988,-0.3662464357072057,-0.14402366719696688,-0.20702052980437524,-0.11828550113424005
7.13333333333333,0.04687756451264112,0.11292052790474601,0.22653266629149313,0.11499562896060245,-0.368998820455801,-0.14836143635608823,-0.21190860845788512,-0.12437743835537793
7.16666666666667,0.041684217177783214,0.10691489120574672,0.22150055235495314,0.10909296922493932,-0.37138322219422765,-0.15222981410917116,-0.2168074890839527,-0.13063022053878268
7.2,0.03664756579366965,0.10055363366623324,0.21655258405438976,0.10222948757953874,-0.3733099330856599,-0.155332141331174,-0.22170917617975355,-0.13677903552069592
7.23333333333333,0.0318364809884875,0.09412652525456924,0.21178559281753367,0.09473490627337335,-0.37467881536518893,-0.1574055613375205,-0.22658259238314277,-0.14254775587693916
7.26666666666667,0.02728632753509562,0.08792101733919444,0.20724790385907466,0.08701236749479695,-0.37539508501278884,-0.15824481141581745,-0.23138164162986807,-0.14767416684775106
7.3,0.022979604882384194,0.08217279236286641,0.20292482616097945,0.07944795591466872,-0.37538806574273714,-0.15772146933041448,-0.2360631732763064,-0.1519385768281662
7.33333333333333,0.01884081265399669,0.07702781544780672,0.19874142739587083,0.07233896845974158,-0.3746277778321925,-0.15579905946957037,-0.24060884189201642,-0.15519310072959888
7.36666666666667,0.014744120049407783,0.07252397693974239,0.19457528160829274,0.06585556746299577,-0.3731341897239474,-0.15254363673398863,-0.24504035797115611,-0.1573877316972218
7.4,0.01052250059982282,0.06859848180701401,0.19026650077170465,0.0600413971257586,-0.3709760510278175,-0.1481286557744895,-0.24941644166569366,-0.15858931403069756
7.43333333333333,0.005968702706714152,0.06512348013668975,0.18561743755838805,0.054851053029981764,-0.3682595823016108,-0.14283144076602003,-0.2538036104150333,-0.15899013307175125
7.46666666666667,0.0008318423375747036,0.06196448807222204,0.18038793532575423,0.05021306501088318,-0.36511045757047517,-0.13701608579562138,-0.25822164497786804,-0.15890232242587632
7.5,-0.0050861484482423724,0.0590777079481444,0.17438904922797202,0.04608604472524239,-0.3618751749819748,-0.1313790275272218,-0.2626552297355947,-0.1589153426252376
7.53333333333333,-0.011850262922613639,0.05638937698823284,0.16755496207485254,0.042352339921313445,-0.3583823768388494,-0.12593376695372432,-0.2667519068391952,-0.15903026094900502
7.56666666666667,-0.019498778904966096,0.05385613004755091,0.1598475653611466,0.03894329729901658,-0.3547243342789113,-0.12087858286000239,-0.27024375872173545,-0.15945281602786932
7.6,-0.027976460323745837,0.051469505578766894,0.1513201095055076,0.0358203936798312,-0.35099135388990055,-0.11634100993005143,-0.2728371902799072,-0.16034029383309176
7.63333333333333,-0.03712109382579839,0.04924633300146395,0.1421313670091314,0.03297049465930636,-0.34726811957710985,-0.11238768944040442,-0.274272042783001,-0.16179276932477515
7.66666666666667,-0.04667344267396367,0.047214274761031835,0.13253648934280637,0.03039250704053278,-0.343624822849101,-0.10903520093450732,-0.2743756953045896,-0.16383936258570592
7.7,-0.05631647854605212,0.04540007692976774,0.12284852720165944,0.02808294296722031,-0.3401056300710659,-0.10625469645229318,-0.2730958712652271,-0.16641940341068526
7.73333333333333,-0.06573719554415597,0.04382610026019057,0.11337697433788331,0.026027983702155345,-0.33672012858924844,-0.10396916806481299,-0.27050479223218077,-0.16936691833269585
7.76666666666667,-0.07469353765702186,0.04251538351392553,0.10436052731739441,0.02420514113733547,-0.333442534634857,-0.10204918625657705,-0.2667764457731059,-0.1724119637597882
7.8,-0.08306480581669352,0.04150008397752219,0.09591582652182844,0.02259190950625361,-0.33021934581274487,-0.10031705952147757,-0.26214453242771985,-0.17520918563508892
7.83333333333333,-0.09086851082012495,0.04082558949374183,0.08801981487164884,0.021175221748514144,-0.32698168120964477,-0.09856730236673605,-0.2568510080038001,-0.17739294097081842
7.86666666666667,-0.09823384623891505,0.04116982174789666,0.08053604754298455,0.020583663530574864,-0.3236567278363744,-0.0966031547312122,-0.25109576129334443,-0.17864563451621088
7.9,-0.10535504252850666,0.041992668150735046,0.07326244906240222,0.02023846458267268,-0.32017429844107154,-0.09427901192394574,-0.2449977745109236,-0.178759009837074
7.93333333333333,-0.11244654180538927,0.04300645757931957,0.06597859279774838,0.019849376452722105,-0.3164677491944966,-0.09153297940232791,-0.23857619530314986,-0.17767008281414537
7.96666666666667,-0.1196766119150249,0.044200414359890396,0.05851395993210578,0.019441701690806015,-0.3124710758343535,-0.08839620859033301,-0.23175507920696486,-0.17546235251782322
8.0,-0.1271338585530743,0.04554973849334783,0.05078346853156758,0.01906116968809672,-0.3081150848133219,-0.08497557751134269,-0.22438923132806,-0.17233485019146555
8.03333333333333,-0.13481972314550128,0.04701741931459957,0.04279592885617358,0.018765346200349836,-0.3033256844775312,-0.08141829748636203,-0.2163034940130953,-0.1685519878630275
8.06666666666667,-0.14266609759998272,0.04855955403720276,0.03463549280624706,0.018612416711748247,-0.298026861756739,-0.07787396153158474,-0.20733597716496488,-0.16439181266337316
8.1,-0.15057006298130327,0.050133179690217404,0.026423803719116748,0.01865006521864407,-0.29214929210438617,-0.07446778033289721,-0.19737649177042277,-0.16010740199541773
8.13333333333333,-0.15840256148810505,0.052028582110298975,0.01830534030301971,0.019225731223252066,-0.285642718803318,-0.07129102397954515,-0.18639308426460469,-0.15590817975269983
8.16666666666667,-0.16609287369275705,0.054159560607190016,0.010361384935413803,0.020277452518091245,-0.27848755374554224,-0.06840680202245172,-0.17444145939828265,-0.15195961183829734
8.2,-0.17364000785607986,0.056236967029977214,0.002596610445252945,0.021508208968355313,-0.270700429354251,-0.0658648740915884,-0.16165494750422904,-0.14839439877398175
8.23333333333333,-0.1810538988396772,0.058273712278656256,-0.005004122224663107,0.022889478777576636,-0.2623304809470666,-0.06371824940374377,-0.1482171148326453,-0.14532660203701275
8.26666666666667,-0.18835931780737444,0.06030107789951478,-0.012475860463533509,0.02439489191748621,-0.25344689094721407,-0.062035470891720915,-0.1343240877139446,-0.14286138162811565
8.3,-0.1955771647963062,0.06235225492438129,-0.019851137928439747,0.02599821442007892,-0.2441212810748947,-0.06090450118516557,-0.12014658729345504,-0.1410962420700265
8.33333333333333,-0.2027116309087687,0.06444950851035042,-0.027143850536528902,0.027672231806443858,-0.23440918721151377,-0.060426453217660284,-0.10580067381986136,-0.1401136744552121
8.36666666666667,-0.20974599588131626,0.06659745288713112,-0.0343430858360122,0.029388564786768715,-0.2243337879463134,-0.06069999562037147,-0.0913321925703664,-0.1399683753771242
8.4,-0.2166454748138329,0.06878143985683317,-0.04141549614421933,0.031117062245540457,-0.21387441364718984,-0.06180032771805526,-0.07671574465897751,-0.14067410658670434
8.43333333333333,-0.2233630546860551,0.07096817765324223,-0.04831165856048045,0.032823840276089554,-0.20296280290002006,-0.06375946312235067,-0.06186645800778445,-0.1421957278240304
8.46666666666667,-0.22984520248422396,0.07310626509021637,-0.054972571263421685,0.034468441496985885,-0.19148998085452826,-0.06655503091054332,-0.046661481867497204,-0.14445033615931785
8.5,-0.23603770654750691,0.07512706454115699,-0.06133623840960266,0.0360018024795547,-0.17932455904180356,-0.07011168159623402,-0.030967079013918625,-0.14731748433477065
8.53333333333333,-0.2418941938752388,0.07694889907674535,-0.06734724968765349,0.03736697483958326,-0.16633976541658366,-0.0743144558749266,-0.014666506433163126,-0.150654484178552
8.56666666666667,-0.24738788612361468,0.07848727098078988,-0.07297039882546828,0.03850381681459329,-0.1524434149697967,-0.07903022098118692,0.0023158585869001297,-0.15431200260797542
8.6,-0.2525220318668767,0.07967066534952208,-0.07820354356144957,0.03935776106061992,-0.1376037888325114,-0.08413237140745569,0.01999745645521013,-0.15814751127930166
8.63333333333333,-0.2573314048934375,0.08045802104871473,-0.08308100947934305,0.03989156631591104,-0.12186519405722968,-0.08952413588628345,0.03832954529581449,-0.16203649854955812
8.66666666666667,-0.2618701865947632,0.08085240662004907,-0.08766170236598667,0.0400975863599909,-0.10534913382609716,-0.09515547953325457,0.05719943723722791,-0.16588090879132816
8.7,-0.2661889121227121,0.08090632400426809,-0.09200430085913049,0.04000693906437125,-0.08824003180777809,-0.10102749044432324,0.07644302852763885,-0.16961142344016122
8.73333333333333,-0.27031009945976947,0.08071644444395057,-0.09613991428152613,0.03969180403699431,-0.07075810822777884,-0.10717834401783555,0.09586539164951291,-0.1731786387002776
8.76666666666667,-0.27391459027742404,0.08180521501508266,-0.09976959202826284,0.04058877009231936,-0.05312612192686514,-0.11364939477345606,0.11526390620469046,-0.1765316998080304
8.8,-0.2772033990653039,0.08305925744359058,-0.10308529963148018,0.041628916091833335,-0.035540950668420966,-0.12043853165703426,0.13444509229260346,-0.17959085559642438
8.83333333333333,-0.28019160425075895,0.08425061989757238,-0.10609747644419337,0.042605097956441254,-0.018163231498905433,-0.1274559248837122,0.1532254707523758,-0.18222730213440125
8.86666666666667,-0.282881787154173,0.08535735431965771,-0.10880503464899421,0.04351481308236025,-0.001134384107908351,-0.13449965966084165,0.17141193410783617,-0.1842646738763887
8.9,-0.28534292772375747,0.08637814369573416,-0.11127591523853352,0.04437503885355114,0.015381236741418738,-0.14126465858186585,0.1887684777816262,-0.1855108665661063
8.93333333333333,-0.2877313905430724,0.08734732725506829,-0.11367115692426558,0.04522824218151271,0.03114583640500973,-0.14738923843744572,0.2049878242418968,-0.18581770040912543
8.96666666666667,-0.29028414337307684,0.08833926031115862,-0.11623926933131147,0.04614158208424353,0.045815037070677314,-0.15253023362280899,0.21968975955202533,-0.1851508136593556
9.0,-0.29328058275674984,0.08945845638054231,-0.11927679304384041,0.04719827231039149,0.05894423567589806,-0.1564425685500723,0.23245769916269027,-0.18363892799079867
9.03333333333333,-0.2969817423350091,0.09081757109787306,-0.12306435627323767,0.04848316189341845,0.07004023211121724,-0.1590311850729908,0.24290492632343558,-0.18157123819430845
9.06666666666667,-0.30156615915030005,0.0925102774514609,-0.12779851352901797,0.05006660926230237,0.07864332209137986,-0.1603519145151359,0.250745013107125,-0.17933118069332746
9.1,-0.307084918689035,0.09458805500002147,-0.13354275230629653,0.05199083253759822,0.084412890557707,-0.1605624975252286,0.25583986136698383,-0.1772865982243335
9.13333333333333,-0.31345201555926383,0.09704808217192219,-0.14021449144081521,0.05426190512214425,0.08719208682948099,-0.15985081285589717,0.25821383252322627,-0.17568044051247805
9.16666666666667,-0.3204731991506482,0.09983507986207113,-0.14761219317945606,0.056849566040562835,0.0870387954011205,-0.1583767360205577,0.25804007758451847,-0.17456640766314177
9.2,-0.3279031845053442,0.10285521448825141,-0.15547377019514647,0.05969587198686089,0.08422012750959926,-0.15625117995493643,0.2556116795361872,-0.17381091868276502
9.23333333333333,-0.33551229546415057,0.10599639879647622,-0.16354816160271085,0.06273132449741024,0.07917219042279681,-0.15355092703044054,0.2513050825299983,-0.17315165915940153
9.26666666666667,-0.34314134847035055,0.10914715921266739,-0.1716580193387186,0.0658935716085195,0.07243082490010211,-0.15034801467191322,0.24553701291695357,-0.17228146072949935
9.3,-0.35072849352082636,0.11220638574329003,-0.17973460879335934,0.06914129309179515,0.0645464402587554,-0.1467295586503089,0.23871672804170424,-0.17092388033341985
9.33333333333333,-0.3583023817531678,0.11507945966738191,-0.18781664641468343,0.07245669285260278,0.05600365389510009,-0.14279685017176527,0.231201168773428,-0.16888054632437524
9.36666666666667,-0.3659480486981822,0.11766193404423314,-0.19601887229925571,0.07583416016698072,0.047167170156073246,-0.13864919219580363,0.22326438466332615,-0.16604824940239327
9.4,-0.3737599286638878,0.11981758990705046,-0.2044865083069502,0.07925790098704222,0.03826625533804623,-0.13436609649029888,0.21508982582412278,-0.16241484057991235
9.43333333333333,-0.3817974149038513,0.12136025541085631,-0.2133531308611811,0.08267510180580703,0.029415435268576234,-0.12999863723443023,0.20678573561143085,-0.1580446272941511
9.46666666666667,-0.39005323040044954,0.12204727277304168,-0.22271237779548986,0.08597223979156529,0.020656615856163227,-0.12557296880530208,0.1984148657150221,-0.15306057068922577
9.5,-0.3984375496499829,0.12158858750522625,-0.2326039006999409,0.08896089943767564,0.012003503919094438,-0.12110276214229011,0.19002519162924353,-0.14762691272544423
9.53333333333333,-0.40677565771702423,0.11967140339988966,-0.24300738009494435,0.09137711616497476,0.003473499761695656,-0.11660468515046672,0.18167044090617274,-0.1419332633563907
9.56666666666667,-0.4138699781970068,0.1190783736492352,-0.2527623957249326,0.09598053660988756,-0.004898584859164501,-0.11211098203420047,0.17341630624899917,-0.13617931440952574
9.6,-0.41994143164411074,0.11809488223770204,-0.26221824123455856,0.10108250279461586,-0.01306199072901483,-0.10767464050087448,0.16533549766888692,-0.13055866326545326
9.63333333333333,-0.4248979042996481,0.11600243857774044,-0.2713711810142304,0.10586514057384253,-0.02095970101324325,-0.10336552082393946,0.1574979226573655,-0.1252416363035246
9.66666666666667,-0.42845586527456403,0.11288196289429192,-0.27993424026352876,0.1102461714386233,-0.028540430997612116,-0.0992595270720895,0.14996071890391865,-0.12035966583727524
9.7,-0.43040185742479875,0.1089058543961998,-0.2876044816600063,0.11420080838613846,-0.03577011209021159,-0.09542543452382424,0.1427595856942781,-0.11599502482011051
9.73333333333333,-0.43062590448754917,0.10432307644974738,-0.29409309950618495,0.11776963445895602,-0.04264201402787072,-0.09191401041015557,0.13590119564563669,-0.11217824129499954
9.76666666666667,-0.4291417100803703,0.09943767754914465,-0.29915701435266157,0.12105805026427408,-0.049184102131691505,-0.08875235215708206,0.12935757615948182,-0.10889291416057288
9.8,-0.42608996846062913,0.09458304547943688,-0.3026263935860093,0.12422610688742115,-0.0554607485792703,-0.08594444220436875,0.12306535606013917,-0.10608604091328823
9.83333333333333,-0.4217237230422529,0.0900917084298568,-0.3044233221045817,0.1274665455600158,-0.06156627063433566,-0.08347746314014651,0.11693267901378078,-0.10368174613441875
9.86666666666667,-0.416376644641756,0.08625987782738145,-0.30456839031191374,0.13096915313150154,-0.06761044569639135,-0.08133219168571855,0.11085388537323002,-0.10159658884842884
9.9,-0.41041742894883926,0.08330862118213288,-0.3031735620874818,0.1348735048827103,-0.07369914266210527,-0.07949449744118638,0.10472890799846347,-0.099754508971298
9.93333333333333,-0.4041975182645216,0.08134794275563496,-0.30042205640818087,0.13921916174163126,-0.07991495689635512,-0.07796403932216187,0.09848239964918917,-0.09809879412687741
9.96666666666667,-0.3980033997703425,0.08035315926017446,-0.2965392170549891,0.14390867698465526,-0.0863030891265863,-0.0767565937956367,0.09207714857750363,-0.09659804106140282
10.0,-0.3920249118852736,0.08016260418458418,-0.29176056772086295,0.1486995027480038,-0.09286658023687785,-0.07589858831148238,0.08551752040094689,-0.0952442319363068
10.0333333333333,-0.38634560456216294,0.08050164703857685,-0.28630267002088,0.1532335474537222,-0.09957208687649427,-0.075415850559604,0.07884186262171139,-0.09404414558836464
10.0666666666667,-0.3809533070242737,0.08103154418849687,-0.2803399098329527,0.15710025310026665,-0.10636326520831421,-0.07532173551246307,0.0721073449942305,-0.09300874571472169
10.1,-0.3757637508128862,0.08141419232070107,-0.2739887145226154,0.15991681546276487,-0.11317568800006986,-0.0756105623274315,0.06537415342555764,-0.09214606110382448
10.1333333333333,-0.37064953486476987,0.08137706074812887,-0.26730100307560245,0.16140294749086712,-0.1199472492851727,-0.0762593503560333,0.05869573714020954,-0.0914601030198823
10.1666666666667,-0.365468635973125,0.08075952294056754,-0.2602686653484923,0.16142943459024403,-0.1266211649889268,-0.07723548849340178,0.05211790221768361,-0.09095378065945636
10.2,-0.36008797807445103,0.07952617694234602,-0.2528382501086732,0.16002870699776367,-0.1331429045892188,-0.07850416874820929,0.04568454791640194,-0.09063135022681795
10.2333333333333,-0.3543981007372626,0.07774470321641669,-0.24493101446286591,0.1573683152854946,-0.13945575789091835,-0.08003014719318972,0.03944432789039708,-0.09049699450881141
10.2666666666667,-0.34831674000299573,0.07553966198591908,-0.23646168285906144,0.15369938933531985,-0.1455011421820335,-0.08177272497344891,0.03345154418290825,-0.09054905010698472
10.3,-0.34178304747809407,0.0730416866229018,-0.22735160549778283,0.14929772363103627,-0.15122813628935006,-0.0836775993334019,0.02775664861288861,-0.09077240284018953
10.3333333333333,-0.3347481282721607,0.07035015444971857,-0.2175363951400217,0.14441420337270214,-0.15661158269542783,-0.08567186464080354,0.022387113420385824,-0.0911336398277478
10.3666666666667,-0.3271681653496381,0.06751894106584379,-0.20697051505407424,0.1392457789275069,-0.16167145261456548,-0.08766759496438851,0.017326330350285343,-0.09158333173858016
10.4,-0.31900294742034285,0.0645648968243305,-0.19563029570439797,0.1339308099368796,-0.16648254509695073,-0.08957503205280995,0.012502141840652084,-0.0920663837118046
10.4333333333333,-0.3102184956927032,0.061491657456238046,-0.18351507103810297,0.1285652407298921,-0.17116636981271852,-0.09132058216301873,0.007793909708412261,-0.09253631626035566
10.4666666666667,-0.3007909851525632,0.05831804423900759,-0.17064607267112286,0.12322981795654585,-0.17586514394747826,-0.09286158487791374,0.003058577062717796,-0.09296639899357174
10.5,-0.2907099891245341,0.0550997657621202,-0.15706381447370105,0.11801527715320045,-0.18070633811052558,-0.09419153653285302,-0.0018328996628658167,-0.0933521864889596
10.5333333333333,-0.2797854479441682,0.05220177050430223,-0.14254305397587605,0.11337573506921435,-0.18551307649686954,-0.09518436850579687,-0.006709600451634115,-0.09353636717820828
10.5666666666667,-0.2684267223560551,0.0492857603321529,-0.12767469987975053,0.10886100076806676,-0.19077356399630685,-0.09613734198921592,-0.012054640182756829,-0.09385335168569492
10.6,-0.2566115093211111,0.04651107095738136,-0.11247731220803088,0.10462049430272054,-0.1963550233426263,-0.09708186279568104,-0.017729931270856467,-0.09426738146991898
10.6333333333333,-0.2443272465042416,0.04409569760695417,-0.09696668893715425,0.10086837931159702,-0.20208972860060276,-0.09799500749368437,-0.023561481256317948,-0.09469413011021195
10.6666666666667,-0.2315766085501478,0.042279413738500714,-0.0811610978416233,0.09783366581468286,-0.20782262711636615,-0.09881860655369301,-0.029388432644543203,-0.09502955057041482
10.7,-0.21837665202447376,0.04128501704442657,-0.06508063690329702,0.09571206957109937,-0.21345068813481188,-0.09948775055344146,-0.035104186559004116,-0.09518325773317694
10.7333333333333,-0.20475080223379238,0.041281776919580945,-0.04874075337471924,0.09462759299103207,-0.2189425770296104,-0.09995806864553636,-0.04067738430623968,-0.09510483958650227
10.7666666666667,-0.1907160959810353,0.04235591871620575,-0.03214261912101954,0.094608019390344,-0.22433343679025375,-0.10022356447720693,-0.04614683414996805,-0.09479534327901719
10.8,-0.1762702832211097,0.04449404756747306,-0.015264318277188174,0.09557630512727734,-0.22969861792914584,-0.10032087526898437,-0.051594113063756344,-0.09430169702960299
10.8333333333333,-0.16138511022969498,0.0475862589374597,0.0019420217925010391,0.09735989753750716,-0.2351171931677862,-0.10031948578465914,-0.05710516779660654,-0.09369709551633984
10.8666666666667,-0.1460118228925834,0.051454197382358194,0.019542136998337636,0.09972005446598348,-0.2406378037875503,-0.10030052123885899,-0.06273417261996891,-0.09305416220927926
10.9,-0.13010096852945724,0.05590308008328447,0.03759856066838897,0.10239960629058709,-0.24625615102857984,-0.1003293955091185,-0.06847952482792018,-0.09241905914972404
10.9333333333333,-0.11363297656687515,0.06078659907802118,0.05613878911987825,0.10517965117706857,-0.25190796452501124,-0.10042941302285668,-0.07427615397722412,-0.09179340645232463
10.9666666666667,-0.09665252045912684,0.06606432960554584,0.07511745837060946,0.1079274794408893,-0.25747674085041516,-0.10056381508010596,-0.0800036281370168,-0.09112769956453089
11.0,-0.07954238133229496,0.07233637067815613,0.09413396148336672,0.11120399999462659,-0.2624197004081406,-0.10055885488027154,-0.0851135753369679,-0.09032642573293947
11.0333333333333,-0.06235875653471517,0.0792311151759083,0.11303548945275887,0.11458042104345925,-0.2669769451216163,-0.10034163100695784,-0.08983945999500642,-0.08931553339836046
11.0666666666667,-0.04528282381651015,0.08668814844174307,0.13156530697229668,0.11796820124241617,-0.27114331326930863,-0.09985979465998808,-0.09417296919194677,-0.08806338000542861
11.1,-0.028480805314539698,0.09457203447450264,0.1494796809932573,0.12124536094679918,-0.27498742418747174,-0.09911680863721663,-0.09818413871674465,-0.08658624434979667
11.1333333333333,-0.012100593082667158,0.10266815444543577,0.16656446607231645,0.12426721147904088,-0.278641847337772,-0.0981815513227981,-0.10201193039203241,-0.08495466617293054
11.1666666666667,0.0037155666891657,0.11069946065191573,0.18263791679123142,0.12689179228455427,-0.28227893737477966,-0.0971827267554198,-0.10583913753294893,-0.08328787668368016
11.2,0.018810662265466585,0.11836124415387077,0.19754453204028835,0.12901189127319637,-0.28607871915939415,-0.09628960358813841,-0.10985845145048591,-0.08173717835493603
11.2333333333333,0.032996719643235375,0.12536487090153017,0.2111468503181036,0.13058171196063312,-0.29019680803593784,-0.09568462100459545,-0.11423830835755626,-0.08046248587754734
11.2666666666667,0.04605309866697967,0.1314776214373016,0.22332112917415797,0.1316268207813036,-0.29473934201901286,-0.09553465591109447,-0.11909597689071044,-0.0796075454474171
11.3,0.057742366107081194,0.13654655256621254,0.23395875163385005,0.13223139037268636,-0.2997490080007117,-0.09596602066597526,-0.12448217333033224,-0.07927834742533342
11.3333333333333,0.06783791685229383,0.14050057194873242,0.2429708617174955,0.13250562193578522,-0.30520319363323367,-0.09704583172163272,-0.1303783030588422,-0.07952753008636967
11.3666666666667,0.07615268323252604,0.14333482560860494,0.2502928712906078,0.1325457078693882,-0.3110232830548353,-0.09877191239651767,-0.13670550624275069,-0.08034698194636063
11.4,0.08256048531407621,0.1450895290615176,0.25588862071999674,0.13240387326011985,-0.3170927118229291,-0.10107437954192754,-0.1433434173499531,-0.08167118085778272
11.4333333333333,0.08700829364454113,0.14583534119440625,0.25975737876358873,0.13208192205395886,-0.3232793991012608,-0.10383106931903115,-0.1501543843747693,-0.08339276999648178
11.4666666666667,0.0895226221954027,0.14566916908118932,0.2619459353787481,0.13154917621670917,-0.32945614278635516,-0.10689452411037395,-0.15700629179203934,-0.08538823909709871
11.5,0.09021233999325103,0.14471500268409643,0.26256251127178826,0.1307729611957127,-0.3355131944332592,-0.11012331176520385,-0.16378723014189472,-0.08754710212513797
11.5333333333333,0.08926581124068651,0.1431208853311417,0.2617840969555031,0.12974491568964716,-0.34136142996532065,-0.11340888520470871,-0.17040953994262412,-0.08979594308180243
11.5666666666667,0.0869381482906798,0.14104637197221087,0.2598490863970624,0.1284906329713342,-0.3469291500211676,-0.11669177371598256,-0.17680606172584484,-0.09211102962011444
11.6,0.08352674348879334,0.13864147724239329,0.25703259956634295,0.12705950776345132,-0.3521574293277181,-0.11996498578296144,-0.18292407034636776,-0.094518109186432
11.6333333333333,0.0793377330123956,0.13602402359020088,0.2536089023235922,0.12550113546817065,-0.356998311861217,-0.12326548922393915,-0.1887222370873825,-0.0970818014088476
11.6666666666667,0.07464989119340615,0.1332641361508233,0.24981075651289653,0.12383984724238517,-0.361418054360723,-0.12665652366489383,-0.1941739680512095,-0.09988834186587485
11.7,0.06968474793586946,0.13038136229711514,0.2457982178944676,0.12205792712049401,-0.36540409809630603,-0.13020519803280498,-0.19927645978016412,-0.10302575739212841
11.7333333333333,0.06459143738019711,0.12735403916737065,0.24164806719290244,0.12009274916932201,-0.3689708388383537,-0.13396062409719492,-0.2040601355811461,-0.10656565879720428
11.7666666666667,0.05945042309452721,0.12413628720550346,0.23736827432988497,0.11784763410709996,-0.37215848743987356,-0.13793656752050054,-0.20859130989499136,-0.11054987515318604
11.8,0.05429279157484808,0.12067704547532497,0.23293128336633398,0.11521254762008312,-0.37502251607109044,-0.1420999316208918,-0.21296393029445237,-0.11498275188261092
11.8333333333333,0.04912548881898429,0.1169364416969837,0.22831119656602278,0.11208831810572105,-0.37761622951052565,-0.14636429932762873,-0.21728202576494438,-0.11982735297326845
11.8666666666667,0.04395152523576888,0.11289650665760984,0.22350873431799875,0.10840755154094396,-0.37997286120694856,-0.150587718753895,-0.22163932890831162,-0.1250030716309764
11.9,0.03877806493014091,0.10856589128722466,0.21855482216728706,0.10414819989848594,-0.3820946128503225,-0.1545760771437596,-0.226104200349531,-0.13038430786684593
11.9333333333333,0.03361180346337293,0.10398043986627047,0.21349447355334783,0.09933975851545951,-0.38395365045967456,-0.15809594097916393,-0.23071588298629908,-0.13580342451294278
11.9666666666667,0.02844682618603747,0.09920138682919655,0.20836145512322818,0.09406353978333917,-0.3855047111709063,-0.16090030210122902,-0.2354928765374359,-0.14106274282418962
12.0,0.023252867081126227,0.09431143793514807,0.20315701142057513,0.08844726133242224,-0.3867031782941533,-0.16276555589969058,-0.2404481963148591,-0.1459576898966387
12.0333333333333,0.017970988492772497,0.08940842140390462,0.19784228746028432,0.08265353189360088,-0.3875196123487375,-0.16353083858494058,-0.24560239365761516,-0.15030763562111266
12.0666666666667,0.01252030311515022,0.08459702777050124,0.19234706587343192,0.0768632919534808,-0.3879433889540657,-0.16312676270770216,-0.2509850866033198,-0.15398606322365022
12.1,0.0068151397231413224,0.07997985167927067,0.18659105590184993,0.07125706195275974,-0.38797348088556805,-0.1615831218032705,-0.2566197382628232,-0.1569405481358537
12.1333333333333,0.0007878828522661224,0.07564840270068224,0.18051009668988455,0.06599682173221233,-0.3876010391594429,-0.15901346082847906,-0.26249366488448683,-0.15919633228994753
12.1666666666667,-0.005591152763944146,0.07167405614070958,0.17407757176553057,0.06121005155396708,-0.386793033395417,-0.1555839475916678,-0.26852289650448374,-0.1608435586664327
12.2,-0.012306969075823293,0.0681000340262445,0.16731136685503267,0.05697727211846322,-0.38548650596819733,-0.1514792829526731,-0.2745259793351959,-0.16201429558927383
12.2333333333333,-0.01931185520035969,0.0649377753593135,0.16026159589550343,0.053325683936245497,-0.3835988556372164,-0.14687688762940654,-0.28022019387931696,-0.16285800084435473
12.2666666666667,-0.026551465213308527,0.062171089081360126,0.15298407465415906,0.05023168039991863,-0.38105263275239576,-0.14193469131201997,-0.2852479292233565,-0.16352230916772986
12.3,-0.033991740318819984,0.05976793351829377,0.14551284365157127,0.047632467700807916,-0.3778064676980415,-0.1367921987084319,-0.28923131394501217,-0.1641422918636167
12.3333333333333,-0.04163324348534883,0.05769535089485536,0.13784533523237733,0.04544335195655237,-0.3738805051372539,-0.13158086014632628,-0.29184262589660015,-0.16483750854928828
12.3666666666667,-0.04950706451199991,0.05593142546115186,0.12994633463901187,0.04357509158132473,-0.3693670280291221,-0.1264366475668915,-0.29287078313739223,-0.16571213707189275
12.4,-0.05765563191265306,0.0544699453559292,0.12176753031851847,0.04194642137104165,-0.3644231123772746,-0.12150530796118267,-0.29226365695067463,-0.16685040545029714
12.4333333333333,-0.06610725475104232,0.05331725603379216,0.11327365360709345,0.040490004109442014,-0.35924812965335917,-0.1169323149896319,-0.2901325917616914,-0.16830112748325382
12.4666666666667,-0.07485353187160926,0.05248435315600583,0.10446580820584414,0.039153688612530685,-0.3540519752666785,-0.11283695229278282,-0.2867172504461088,-0.1700530461516349
12.5,-0.08383578135722396,0.05197879249412336,0.09539576515375076,0.03790068783566629,-0.34902049508685384,-0.10927987904012508,-0.28232172145596635,-0.1720123911279286
12.5333333333333,-0.09294347479481378,0.0518000004117701,0.08616837065499938,0.03671114602536128,-0.34428459854461996,-0.10623910289291108,-0.2772417198706776,-0.17399732265977672
12.5666666666667,-0.10202559156202809,0.05193909067411631,0.0769312323544547,0.03558479148108393,-0.33989932013321017,-0.10360623475429598,-0.2717037114330338,-0.17575700324855278
12.6,-0.11091351837045799,0.05238206948458907,0.06785282481542826,0.03454231393732136,-0.3358372635745134,-0.10120558239337638,-0.2658298285966566,-0.17701112645453568
12.6333333333333,-0.11945087329806622,0.053114241836170625,0.059093082814745165,0.0336229695205903,-0.33199710028878937,-0.09882946410580876,-0.25963205239079173,-0.17749757378414363
12.6666666666667,-0.1275231725978004,0.054123380367220614,0.050773018864791866,0.032877101312487944,-0.32822393504862946,-0.0962787817674935,-0.2530309536577162,-0.17701542419843577
12.7,-0.13508015350462074,0.055399387524155956,0.04295047425244775,0.03235377099747229,-0.3243363211537819,-0.09339876112217871,-0.24589070175318326,-0.17545534785627742
12.7333333333333,-0.1421453056921257,0.05692928908468319,0.035608073156252654,0.03208541209184948,-0.3201545776926362,-0.09010333060732846,-0.23806152548338072,-0.172814674968969
12.7666666666667,-0.1488097791021547,0.05868900939368355,0.02865726976758881,0.03207361469561954,-0.3155256337547513,-0.08638516961013423,-0.229420833130763,-0.1691971863293036
12.8,-0.15521092640983933,0.060636163237625336,0.02195913839891625,0.03228178409492755,-0.31034004486070316,-0.08231117209001282,-0.21990392652840468,-0.1647985519708644
12.8333333333333,-0.1614988696856305,0.06270818671481657,0.015358855345310563,0.03263903430940758,-0.3045375188562076,-0.07800594157511057,-0.209516130957712,-0.15988000020380294
12.8666666666667,-0.16779746432781412,0.06482672357943069,0.008727234050544458,0.033054644250706255,-0.2980995308792226,-0.0736292284181168,-0.19832251000396856,-0.15473590631285844
12.9,-0.17416903204594003,0.066905384442148,0.001999241067681401,0.033437082008046334,-0.2910316943018638,-0.06935462077518981,-0.18641922069603598,-0.1496626354543485
12.9333333333333,-0.18059423996537405,0.0688574847466667,-0.004802896210783669,0.03371023961725431,-0.2833426884073295,-0.06535420173120168,-0.17389835953649324,-0.14493371292362642
12.9666666666667,-0.18697686510848455,0.0706033093087074,-0.011572984315810594,0.03382282256530307,-0.27502832778246716,-0.061789215644801124,-0.1608212037796405,-0.14078220073313186
13.0,-0.1931760947191441,0.07207959336762079,-0.018154412343987375,0.03375184963424987,-0.26606769509299144,-0.05880408334459099,-0.14721101592946834,-0.13738878792452885
13.0333333333333,-0.1990582150809033,0.07325372509361466,-0.02439621721995884,0.03350407651023076,-0.2564334233950672,-0.05652161077970538,-0.13306740807013706,-0.134874452505527
13.0666666666667,-0.20454995902673562,0.07414073086383516,-0.030212772509754862,0.03311772388880301,-0.24611143366728966,-0.05503886466399054,-0.1183933934641563,-0.1332977814969076
13.1,-0.20967251871209502,0.07481516958034433,-0.03562339832025806,0.03266262161319872,-0.23511923202482515,-0.05442389066747522,-0.10321878300584736,-0.13265747407590353
13.1333333333333,-0.21454075112716348,0.07540754612353738,-0.04075343979685872,0.032233962457021766,-0.2235100409669873,-0.054713265491612435,-0.08760429611170283,-0.13290006178217845
13.1666666666667,-0.21932502590315522,0.07607906178515345,-0.0457928288628586,0.0319363073228641,-0.2113554516461325,-0.05591040740546348,-0.07162077530215775,-0.13393201702971522
13.2,-0.22418849340400016,0.07697826902765176,-0.05092593198319874,0.03185951645630825,-0.1987105344041762,-0.05798475582047049,-0.05531223031795958,-0.13563432526678854
13.2333333333333,-0.22922366898170154,0.07819331273972328,-0.05625938851505309,0.03205354499306948,-0.18557634490642466,-0.060871900516326266,-0.0386616352117503,-0.13787644743006808
13.2666666666667,-0.23441402155345392,0.0797179664430432,-0.06177681362716658,0.03251124483043215,-0.17187873274149768,-0.06447466237157408,-0.02157864949532398,-0.14052649960749877
13.3,-0.23963719376190518,0.08144558578798762,-0.06733959590479348,0.0331660401836108,-0.15747661970357368,-0.06866563689514332,-0.003919053241817849,-0.1434564317272938
13.3333333333333,-0.24470946702658614,0.08319435773758231,-0.07273487759092812,0.03390586946067144,-0.14220061935933842,-0.07329283383030052,0.014468023115517883,-0.1465440928113112
13.3666666666667,-0.24945346938344115,0.0847553651404527,-0.07775224774872865,0.03459913401544569,-0.12591060723975336,-0.07819069112510753,0.03368031650908234,-0.14967574221626484
13.4,-0.2537616474774831,0.08594723855852443,-0.08225856832925937,0.03512489606302236,-0.10855401890490579,-0.0831973569571253,0.05370984530388148,-0.15275096624607198
13.4333333333333,-0.257631175224048,0.08665997857886407,-0.0862417329904949,0.03539886829307358,-0.09020661498805732,-0.08817540538711074,0.07441457155955453,-0.15568812864287956
13.4666666666667,-0.26115923907478794,0.0868756904886745,-0.08980834937999042,0.035388672777032754,-0.0710827809535111,-0.09302940745925423,0.09552369764526454,-0.1584259964482605
13.5,-0.2644492326112282,0.08692851483342681,-0.09308902626159551,0.035370262520572834,-0.05151153914027414,-0.09771360598756117,0.11667567023243466,-0.1609189440009838
13.5333333333333,-0.267477012477764,0.08782038069514608,-0.09610129806491204,0.036242480059109114,-0.03188555648895678,-0.10222707495961225,0.1374772845777237,-0.1631278039137586
13.5666666666667,-0.27055094329883717,0.08872385743331809,-0.09916574796725879,0.037154369831384926,-0.012599724032625131,-0.10659875835256377,0.15756501461493821,-0.16501148422147677
13.6,-0.2737192059950445,0.08968075750369567,-0.1023449496405712,0.03810799627367853,0.006001750253351812,-0.11086754108501524,0.1766501777513531,-0.1665237596959188
13.6333333333333,-0.2769445349896869,0.0906900471058231,-0.10560409909301414,0.039088125666356756,0.023657697511077366,-0.11506332860773943,0.19453876082894558,-0.16761718597946912
13.6666666666667,-0.28012686164044676,0.09171425374830579,-0.1088354252903716,0.0400662705289453,0.0402023148762867,-0.11919473466712732,0.21112999350948336,-0.16825358105315122
13.7,-0.28314751279417305,0.09269863267308634,-0.11190715148965362,0.04101016375832367,0.055568709210072634,-0.12324596289104055,0.22640762117207028,-0.1684170186025887
13.7333333333333,-0.28591963308178514,0.0935966197731794,-0.11472020245136709,0.04189585520671278,0.0697978949794674,-0.1271794006639764,0.24043934602658928,-0.1681208613257097
13.7666666666667,-0.28842715383062206,0.0943922564011947,-0.1172526523188847,0.04271824042018154,0.08306120113709725,-0.13093542702358993,0.25339246775911634,-0.16739902335533816
13.8,-0.2907383168766283,0.09511049769907602,-0.11957549446367999,0.043495857170731636,0.09569081110907915,-0.13442266528149635,0.2655601504716346,-0.16627767794888365
